<?xml version="1.0" encoding="UTF-8"?>
<project-private xmlns="http://www.netbeans.org/ns/project-private/1">
    <editor-bookmarks xmlns="http://www.netbeans.org/ns/editor-bookmarks/2" lastBookmarkId="0"/>
    <open-files xmlns="http://www.netbeans.org/ns/projectui-open-files/2">
        <group>
            <file>file:/C:/Users/profesor/distancia/dwes/dwes_fuentes/DAW_DWES07/codigo/dwes07_tarea/src/Dao/ProductoDao.php</file>
            <file>file:/C:/Users/profesor/distancia/dwes/dwes_fuentes/DAW_DWES07/codigo/dwes07_tarea/src/Dao/VotoDao.php</file>
            <file>file:/C:/Users/profesor/distancia/dwes/dwes_fuentes/DAW_DWES07/codigo/dwes07_tarea/src/Modelo/Usuario.php</file>
            <file>file:/C:/Users/profesor/distancia/dwes/dwes_fuentes/DAW_DWES07/codigo/dwes07_tarea/public/productos.php</file>
            <file>file:/C:/Users/profesor/distancia/dwes/dwes_fuentes/DAW_DWES07/codigo/dwes07_tarea/public/js/votar.js</file>
            <file>file:/C:/Users/profesor/distancia/dwes/dwes_fuentes/DAW_DWES07/codigo/dwes07_tarea/views/productos.blade.php</file>
            <file>file:/C:/Users/profesor/distancia/dwes/dwes_fuentes/DAW_DWES07/codigo/dwes07_tarea/public/index.php</file>
            <file>file:/C:/Users/profesor/distancia/dwes/dwes_fuentes/DAW_DWES07/codigo/dwes07_tarea/src/Dao/UsuarioDao.php</file>
            <file>file:/C:/Users/profesor/distancia/dwes/dwes_fuentes/DAW_DWES07/codigo/dwes07_tarea/views/login.blade.php</file>
            <file>file:/C:/Users/profesor/distancia/dwes/dwes_fuentes/DAW_DWES07/codigo/dwes07_tarea/src/error_handler.php</file>
            <file>file:/C:/Users/profesor/distancia/dwes/dwes_fuentes/DAW_DWES07/codigo/dwes07_tarea/src/Modelo/Voto.php</file>
            <file>file:/C:/Users/profesor/distancia/dwes/dwes_fuentes/DAW_DWES07/codigo/dwes07_tarea/views/app.blade.php</file>
            <file>file:/C:/Users/profesor/distancia/dwes/dwes_fuentes/DAW_DWES07/codigo/dwes07_tarea/src/Modelo/Producto.php</file>
        </group>
    </open-files>
</project-private>
