<?xml version="1.0" encoding="UTF-8"?>
<project-private xmlns="http://www.netbeans.org/ns/project-private/1">
    <editor-bookmarks xmlns="http://www.netbeans.org/ns/editor-bookmarks/2" lastBookmarkId="0"/>
    <open-files xmlns="http://www.netbeans.org/ns/projectui-open-files/2">
        <group>
            <file>file:/C:/Users/profesor/distancia/dwes/examenes/dwes_24_2/vistas/formbusqueda.blade.php</file>
            <file>file:/C:/Users/profesor/distancia/dwes/examenes/dwes_24_2/public/juego.php</file>
            <file>file:/C:/Users/profesor/distancia/dwes/examenes/dwes_24_2/vistas/formlogin.blade.php</file>
            <file>file:/C:/Users/profesor/distancia/dwes/examenes/dwes_24_2/vistas/app.blade.php</file>
            <file>file:/C:/Users/profesor/distancia/dwes/examenes/dwes_24_2/vistas/juego.blade.php</file>
            <file>file:/C:/Users/profesor/distancia/dwes/examenes/dwes_24_2/src/Modelo/Partida.php</file>
            <file>file:/C:/Users/profesor/distancia/dwes/examenes/dwes_24_2/src/DAO/PartidaDAO.php</file>
        </group>
    </open-files>
</project-private>
