<?xml version="1.0" encoding="UTF-8"?>
<project-private xmlns="http://www.netbeans.org/ns/project-private/1">
    <editor-bookmarks xmlns="http://www.netbeans.org/ns/editor-bookmarks/2" lastBookmarkId="0"/>
    <open-files xmlns="http://www.netbeans.org/ns/projectui-open-files/2">
        <group>
            <file>file:/C:/Users/profesor/distancia/dwes/dwes_fuentes/DAW_DWES06/codigo/dwes06_tarea/public/cliente.php</file>
            <file>file:/C:/Users/profesor/distancia/dwes/dwes_fuentes/DAW_DWES06/codigo/dwes06_tarea/public/generarClases.php</file>
            <file>file:/C:/Users/profesor/distancia/dwes/dwes_fuentes/DAW_DWES06/codigo/dwes06_tarea/servidorSoap/generarWsdl.php</file>
            <file>file:/C:/Users/profesor/distancia/dwes/dwes_fuentes/DAW_DWES06/codigo/dwes06_tarea/public/clientew2.php</file>
            <file>file:/C:/Users/profesor/distancia/dwes/dwes_fuentes/DAW_DWES06/codigo/dwes06_tarea/servidorSoap/src/Dao/StockDao.php</file>
            <file>file:/C:/Users/profesor/distancia/dwes/dwes_fuentes/DAW_DWES06/codigo/dwes06_tarea/servidorSoap/src/Operaciones.php</file>
            <file>file:/C:/Users/profesor/distancia/dwes/dwes_fuentes/DAW_DWES06/codigo/dwes06_tarea/servidorSoap/src/Dao/FamiliaDao.php</file>
            <file>file:/C:/Users/profesor/distancia/dwes/dwes_fuentes/DAW_DWES06/codigo/dwes06_tarea/servidorSoap/servicio.wsdl</file>
            <file>file:/C:/Users/profesor/distancia/dwes/dwes_fuentes/DAW_DWES06/codigo/dwes06_tarea/src/ClasesOperacionesService.php</file>
            <file>file:/C:/Users/profesor/distancia/dwes/dwes_fuentes/DAW_DWES06/codigo/dwes06_tarea/public/clientew.php</file>
            <file>file:/C:/Users/profesor/distancia/dwes/dwes_fuentes/DAW_DWES06/codigo/dwes06_tarea/servidorSoap/src/Modelo/Stock.php</file>
        </group>
    </open-files>
</project-private>
